Workbook

Sheet はじめに
A1: すぐ使える 経理・事務Excelテンプレ3点セット
A2: 作成: みかん🍊 @mikan_keiri
A4: シート | B4: できること
A5: 経費精算 | B5: 申請を入力するだけで、領収書もれ・二重申請・高額の申請に自動で印がつく。勘定科目別の合計も自動
A6: 請求・入金 | B6: 請求と入金を入力するだけで「未入金」「期日超過」「手数料差引?」「一部入金」などの状況が自動で表示される
A7: 月次集計 | B7: 経費（勘定科目別）と請求額（取引先別）を、月ごとに自動で集計。上司への報告にそのまま使える
A8: 設定 | B8: 勘定科目・取引先・申請者のリストと、チェックの基準（金額・手数料）を自分の会社に合わせて変える場所
A11: はじめの3ステップ
B12: ① 「設定」シートで、勘定科目・取引先・申請者・年度の開始月を自分の会社に合わせる
B13: ② 「経費精算」「請求・入金」のサンプル行（内容に「サンプル」と書いてある行）を消す
B14: ③ 黄色のセルに入力していく。チェックや集計は自動で出ます
A15: 色の意味
B16: 黄色のセル … 入力するところ ／ 白いセル … 自動で計算するところ（消すと計算されなくなります）
B17: オレンジ色の行 … チェックにひっかかった行（経費精算）、または期日超過・金額ちがい（請求・入金）
A18: 自分用に直したいときは
B19: Claudeにこう聞くと、数式をこわさずに直す方法を教えてくれます。
B20: 「このExcelテンプレの［経費精算］シートに［部門］の列を追加したいです。ほかのシートの数式がずれないように、手順を教えてください。シートの列は［A:No、B:申請日、C:申請者、D:勘定科目、E:内容、F:金額、G:領収書、H:承認、I:チェック］です」
A21: ご注意
B22: 実際の業務で使う前に、会社のルール（経理規程・承認のながれ）と合っているか確認してください。
B23: テンプレのチェックは「見落とし防止」のためのものです。最終的な確認と判断は、担当者が行ってください。

Sheet 経費精算
A1: 経費精算一覧
A2: 申請を1行ずつ入力します。I列のチェックが空なら問題なしです。
A3: 黄色＝入力するセル 白＝自動で計算（さわらない） ※サンプル行は消してから使ってください
K4: 勘定科目別の合計
A5: No | B5: 申請日 | C5: 申請者 | D5: 勘定科目 | E5: 内容 | F5: 金額 | G5: 領収書 | H5: 承認 | I5: チェック | K5: 勘定科目 | L5: 合計 | M5: 件数
A6: =IF(B6="","",ROW()-5) -> 1 | B6: 46296 | C6: 佐藤 | D6: 旅費交通費 | E6: 客先訪問 電車代（サンプル） | F6: 640 | G6: あり | H6: 済 | I6: =IF(B6="","",TRIM(IF(G6="なし","領収書なし ","")&IF(COUNTIFS($B$6:$B$205,B6,$C$6:$C$205,C6,$F$6:$F$205,F6)>1,"重複? ","")&IF(F6>=設定!$B$7,"金額要確認",""))) | K6: =IF(設定!A11="","",設定!A11) -> 旅費交通費 | L6: =IF(K6="","",SUMIFS($F$6:$F$205,$D$6:$D$205,K6)) -> 640 | M6: =IF(K6="","",COUNTIFS($D$6:$D$205,K6)) -> 1
A7: =IF(B7="","",ROW()-5) -> 2 | B7: 46297 | C7: 鈴木 | D7: 消耗品費 | E7: コピー用紙（サンプル） | F7: 1980 | G7: なし | H7: 未 | I7: =IF(B7="","",TRIM(IF(G7="なし","領収書なし ","")&IF(COUNTIFS($B$6:$B$205,B7,$C$6:$C$205,C7,$F$6:$F$205,F7)>1,"重複? ","")&IF(F7>=設定!$B$7,"金額要確認",""))) -> 領収書なし | K7: =IF(設定!A12="","",設定!A12) -> 消耗品費 | L7: =IF(K7="","",SUMIFS($F$6:$F$205,$D$6:$D$205,K7)) -> 1980 | M7: =IF(K7="","",COUNTIFS($D$6:$D$205,K7)) -> 1
A8: =IF(B8="","",ROW()-5) -> 3 | B8: 46298 | C8: 佐藤 | D8: 会議費 | E8: 打ち合わせ 会場代（サンプル） | F8: 35000 | G8: あり | H8: 未 | I8: =IF(B8="","",TRIM(IF(G8="なし","領収書なし ","")&IF(COUNTIFS($B$6:$B$205,B8,$C$6:$C$205,C8,$F$6:$F$205,F8)>1,"重複? ","")&IF(F8>=設定!$B$7,"金額要確認",""))) -> 金額要確認 | K8: =IF(設定!A13="","",設定!A13) -> 会議費 | L8: =IF(K8="","",SUMIFS($F$6:$F$205,$D$6:$D$205,K8)) -> 35000 | M8: =IF(K8="","",COUNTIFS($D$6:$D$205,K8)) -> 1
A9: =IF(B9="","",ROW()-5) | I9: =IF(B9="","",TRIM(IF(G9="なし","領収書なし ","")&IF(COUNTIFS($B$6:$B$205,B9,$C$6:$C$205,C9,$F$6:$F$205,F9)>1,"重複? ","")&IF(F9>=設定!$B$7,"金額要確認",""))) | K9: =IF(設定!A14="","",設定!A14) -> 接待交際費 | L9: =IF(K9="","",SUMIFS($F$6:$F$205,$D$6:$D$205,K9)) -> 0 | M9: =IF(K9="","",COUNTIFS($D$6:$D$205,K9)) -> 0
A10: =IF(B10="","",ROW()-5) | I10: =IF(B10="","",TRIM(IF(G10="なし","領収書なし ","")&IF(COUNTIFS($B$6:$B$205,B10,$C$6:$C$205,C10,$F$6:$F$205,F10)>1,"重複? ","")&IF(F10>=設定!$B$7,"金額要確認",""))) | K10: =IF(設定!A15="","",設定!A15) -> 通信費 | L10: =IF(K10="","",SUMIFS($F$6:$F$205,$D$6:$D$205,K10)) -> 0 | M10: =IF(K10="","",COUNTIFS($D$6:$D$205,K10)) -> 0
A11: =IF(B11="","",ROW()-5) | I11: =IF(B11="","",TRIM(IF(G11="なし","領収書なし ","")&IF(COUNTIFS($B$6:$B$205,B11,$C$6:$C$205,C11,$F$6:$F$205,F11)>1,"重複? ","")&IF(F11>=設定!$B$7,"金額要確認",""))) | K11: =IF(設定!A16="","",設定!A16) -> 新聞図書費 | L11: =IF(K11="","",SUMIFS($F$6:$F$205,$D$6:$D$205,K11)) -> 0 | M11: =IF(K11="","",COUNTIFS($D$6:$D$205,K11)) -> 0
A12: =IF(B12="","",ROW()-5) | I12: =IF(B12="","",TRIM(IF(G12="なし","領収書なし ","")&IF(COUNTIFS($B$6:$B$205,B12,$C$6:$C$205,C12,$F$6:$F$205,F12)>1,"重複? ","")&IF(F12>=設定!$B$7,"金額要確認",""))) | K12: =IF(設定!A17="","",設定!A17) -> 支払手数料 | L12: =IF(K12="","",SUMIFS($F$6:$F$205,$D$6:$D$205,K12)) -> 0 | M12: =IF(K12="","",COUNTIFS($D$6:$D$205,K12)) -> 0
A13: =IF(B13="","",ROW()-5) | I13: =IF(B13="","",TRIM(IF(G13="なし","領収書なし ","")&IF(COUNTIFS($B$6:$B$205,B13,$C$6:$C$205,C13,$F$6:$F$205,F13)>1,"重複? ","")&IF(F13>=設定!$B$7,"金額要確認",""))) | K13: =IF(設定!A18="","",設定!A18) -> 福利厚生費 | L13: =IF(K13="","",SUMIFS($F$6:$F$205,$D$6:$D$205,K13)) -> 0 | M13: =IF(K13="","",COUNTIFS($D$6:$D$205,K13)) -> 0
A14: =IF(B14="","",ROW()-5) | I14: =IF(B14="","",TRIM(IF(G14="なし","領収書なし ","")&IF(COUNTIFS($B$6:$B$205,B14,$C$6:$C$205,C14,$F$6:$F$205,F14)>1,"重複? ","")&IF(F14>=設定!$B$7,"金額要確認",""))) | K14: =IF(設定!A19="","",設定!A19) -> 雑費 | L14: =IF(K14="","",SUMIFS($F$6:$F$205,$D$6:$D$205,K14)) -> 0 | M14: =IF(K14="","",COUNTIFS($D$6:$D$205,K14)) -> 0
A15: =IF(B15="","",ROW()-5) | I15: =IF(B15="","",TRIM(IF(G15="なし","領収書なし ","")&IF(COUNTIFS($B$6:$B$205,B15,$C$6:$C$205,C15,$F$6:$F$205,F15)>1,"重複? ","")&IF(F15>=設定!$B$7,"金額要確認",""))) | K15: =IF(設定!A20="","",設定!A20) | L15: =IF(K15="","",SUMIFS($F$6:$F$205,$D$6:$D$205,K15)) | M15: =IF(K15="","",COUNTIFS($D$6:$D$205,K15))
A16: =IF(B16="","",ROW()-5) | I16: =IF(B16="","",TRIM(IF(G16="なし","領収書なし ","")&IF(COUNTIFS($B$6:$B$205,B16,$C$6:$C$205,C16,$F$6:$F$205,F16)>1,"重複? ","")&IF(F16>=設定!$B$7,"金額要確認",""))) | K16: =IF(設定!A21="","",設定!A21) | L16: =IF(K16="","",SUMIFS($F$6:$F$205,$D$6:$D$205,K16)) | M16: =IF(K16="","",COUNTIFS($D$6:$D$205,K16))
A17: =IF(B17="","",ROW()-5) | I17: =IF(B17="","",TRIM(IF(G17="なし","領収書なし ","")&IF(COUNTIFS($B$6:$B$205,B17,$C$6:$C$205,C17,$F$6:$F$205,F17)>1,"重複? ","")&IF(F17>=設定!$B$7,"金額要確認",""))) | K17: =IF(設定!A22="","",設定!A22) | L17: =IF(K17="","",SUMIFS($F$6:$F$205,$D$6:$D$205,K17)) | M17: =IF(K17="","",COUNTIFS($D$6:$D$205,K17))
A18: =IF(B18="","",ROW()-5) | I18: =IF(B18="","",TRIM(IF(G18="なし","領収書なし ","")&IF(COUNTIFS($B$6:$B$205,B18,$C$6:$C$205,C18,$F$6:$F$205,F18)>1,"重複? ","")&IF(F18>=設定!$B$7,"金額要確認",""))) | K18: =IF(設定!A23="","",設定!A23) | L18: =IF(K18="","",SUMIFS($F$6:$F$205,$D$6:$D$205,K18)) | M18: =IF(K18="","",COUNTIFS($D$6:$D$205,K18))
A19: =IF(B19="","",ROW()-5) | I19: =IF(B19="","",TRIM(IF(G19="なし","領収書なし ","")&IF(COUNTIFS($B$6:$B$205,B19,$C$6:$C$205,C19,$F$6:$F$205,F19)>1,"重複? ","")&IF(F19>=設定!$B$7,"金額要確認",""))) | K19: =IF(設定!A24="","",設定!A24) | L19: =IF(K19="","",SUMIFS($F$6:$F$205,$D$6:$D$205,K19)) | M19: =IF(K19="","",COUNTIFS($D$6:$D$205,K19))
A20: =IF(B20="","",ROW()-5) | I20: =IF(B20="","",TRIM(IF(G20="なし","領収書なし ","")&IF(COUNTIFS($B$6:$B$205,B20,$C$6:$C$205,C20,$F$6:$F$205,F20)>1,"重複? ","")&IF(F20>=設定!$B$7,"金額要確認",""))) | K20: =IF(設定!A25="","",設定!A25) | L20: =IF(K20="","",SUMIFS($F$6:$F$205,$D$6:$D$205,K20)) | M20: =IF(K20="","",COUNTIFS($D$6:$D$205,K20))
... A25: =IF(B25="","",ROW()-5) | I25: =IF(B25="","",TRIM(IF(G25="なし","領収書なし ","")&IF(COUNTIFS($B$6:$B$205,B25,$C$6:$C$205,C25,$F$6:$F$205,F25)>1,"重複? ","")&IF(F25>=設定!$B$7,"金額要確認",""))) | K25: =IF(設定!A30="","",設定!A30) | L25: =IF(K25="","",SUMIFS($F$6:$F$205,$D$6:$D$205,K25)) | M25: =IF(K25="","",COUNTIFS($D$6:$D$205,K25))
A26: =IF(B26="","",ROW()-5) | I26: =IF(B26="","",TRIM(IF(G26="なし","領収書なし ","")&IF(COUNTIFS($B$6:$B$205,B26,$C$6:$C$205,C26,$F$6:$F$205,F26)>1,"重複? ","")&IF(F26>=設定!$B$7,"金額要確認",""))) | K26: 合計 | L26: =SUM(F6:F205) -> 37620 | M26: =COUNT(F6:F205) -> 3
A27: =IF(B27="","",ROW()-5) | I27: =IF(B27="","",TRIM(IF(G27="なし","領収書なし ","")&IF(COUNTIFS($B$6:$B$205,B27,$C$6:$C$205,C27,$F$6:$F$205,F27)>1,"重複? ","")&IF(F27>=設定!$B$7,"金額要確認","")))
A28: =IF(B28="","",ROW()-5) | I28: =IF(B28="","",TRIM(IF(G28="なし","領収書なし ","")&IF(COUNTIFS($B$6:$B$205,B28,$C$6:$C$205,C28,$F$6:$F$205,F28)>1,"重複? ","")&IF(F28>=設定!$B$7,"金額要確認",""))) | K28: チェックがついた件数 | L28: =COUNTIF(I6:I205,"?*") -> 2
A29: =IF(B29="","",ROW()-5) | I29: =IF(B29="","",TRIM(IF(G29="なし","領収書なし ","")&IF(COUNTIFS($B$6:$B$205,B29,$C$6:$C$205,C29,$F$6:$F$205,F29)>1,"重複? ","")&IF(F29>=設定!$B$7,"金額要確認",""))) | K29: 承認がまだの件数 | L29: =COUNTIFS(B6:B205,"<>",H6:H205,"<>済") -> 2
A30: =IF(B30="","",ROW()-5) | I30: =IF(B30="","",TRIM(IF(G30="なし","領収書なし ","")&IF(COUNTIFS($B$6:$B$205,B30,$C$6:$C$205,C30,$F$6:$F$205,F30)>1,"重複? ","")&IF(F30>=設定!$B$7,"金額要確認","")))
A31: =IF(B31="","",ROW()-5) | I31: =IF(B31="","",TRIM(IF(G31="なし","領収書なし ","")&IF(COUNTIFS($B$6:$B$205,B31,$C$6:$C$205,C31,$F$6:$F$205,F31)>1,"重複? ","")&IF(F31>=設定!$B$7,"金額要確認","")))
A32: =IF(B32="","",ROW()-5) | I32: =IF(B32="","",TRIM(IF(G32="なし","領収書なし ","")&IF(COUNTIFS($B$6:$B$205,B32,$C$6:$C$205,C32,$F$6:$F$205,F32)>1,"重複? ","")&IF(F32>=設定!$B$7,"金額要確認","")))
A33: =IF(B33="","",ROW()-5) | I33: =IF(B33="","",TRIM(IF(G33="なし","領収書なし ","")&IF(COUNTIFS($B$6:$B$205,B33,$C$6:$C$205,C33,$F$6:$F$205,F33)>1,"重複? ","")&IF(F33>=設定!$B$7,"金額要確認","")))
A34: =IF(B34="","",ROW()-5) | I34: =IF(B34="","",TRIM(IF(G34="なし","領収書なし ","")&IF(COUNTIFS($B$6:$B$205,B34,$C$6:$C$205,C34,$F$6:$F$205,F34)>1,"重複? ","")&IF(F34>=設定!$B$7,"金額要確認","")))
A35: =IF(B35="","",ROW()-5) | I35: =IF(B35="","",TRIM(IF(G35="なし","領収書なし ","")&IF(COUNTIFS($B$6:$B$205,B35,$C$6:$C$205,C35,$F$6:$F$205,F35)>1,"重複? ","")&IF(F35>=設定!$B$7,"金額要確認","")))
A36: =IF(B36="","",ROW()-5) | I36: =IF(B36="","",TRIM(IF(G36="なし","領収書なし ","")&IF(COUNTIFS($B$6:$B$205,B36,$C$6:$C$205,C36,$F$6:$F$205,F36)>1,"重複? ","")&IF(F36>=設定!$B$7,"金額要確認","")))
A37: =IF(B37="","",ROW()-5) | I37: =IF(B37="","",TRIM(IF(G37="なし","領収書なし ","")&IF(COUNTIFS($B$6:$B$205,B37,$C$6:$C$205,C37,$F$6:$F$205,F37)>1,"重複? ","")&IF(F37>=設定!$B$7,"金額要確認","")))
A38: =IF(B38="","",ROW()-5) | I38: =IF(B38="","",TRIM(IF(G38="なし","領収書なし ","")&IF(COUNTIFS($B$6:$B$205,B38,$C$6:$C$205,C38,$F$6:$F$205,F38)>1,"重複? ","")&IF(F38>=設定!$B$7,"金額要確認","")))
A39: =IF(B39="","",ROW()-5) | I39: =IF(B39="","",TRIM(IF(G39="なし","領収書なし ","")&IF(COUNTIFS($B$6:$B$205,B39,$C$6:$C$205,C39,$F$6:$F$205,F39)>1,"重複? ","")&IF(F39>=設定!$B$7,"金額要確認","")))
A40: =IF(B40="","",ROW()-5) | I40: =IF(B40="","",TRIM(IF(G40="なし","領収書なし ","")&IF(COUNTIFS($B$6:$B$205,B40,$C$6:$C$205,C40,$F$6:$F$205,F40)>1,"重複? ","")&IF(F40>=設定!$B$7,"金額要確認","")))
A41: =IF(B41="","",ROW()-5) | I41: =IF(B41="","",TRIM(IF(G41="なし","領収書なし ","")&IF(COUNTIFS($B$6:$B$205,B41,$C$6:$C$205,C41,$F$6:$F$205,F41)>1,"重複? ","")&IF(F41>=設定!$B$7,"金額要確認","")))
... A205: =IF(B205="","",ROW()-5) | I205: =IF(B205="","",TRIM(IF(G205="なし","領収書なし ","")&IF(COUNTIFS($B$6:$B$205,B205,$C$6:$C$205,C205,$F$6:$F$205,F205)>1,"重複? ","")&IF(F205>=設定!$B$7,"金額要確認","")))

Sheet 請求・入金
A1: 請求・入金管理表
A2: 請求を出したら左側を、入金があったら入金日と入金額を入力します。状況は自動で表示されます。
A3: 黄色＝入力するセル 白＝自動で計算（さわらない） ※サンプル行は消してから使ってください
L4: 状況のまとめ
A5: 請求No | B5: 請求日 | C5: 取引先 | D5: 請求額 | E5: 支払期日 | F5: 入金日 | G5: 入金額 | H5: 差額 | I5: 状況 | J5: メモ | L5: 状況 | M5: 件数 | N5: 請求額の合計
A6: INV-001 | B6: 46295 | C6: サンプル商事 | D6: 110000 | E6: 46326 | F6: 46320 | G6: 109340 | H6: =IF(OR(D6="",G6=""),"",G6-D6) -> -660 | I6: =IF(D6="","",IF(G6="",IF(AND(E6<>"",TODAY()>E6),"期日超過","未入金"),IF(G6=D6,"入金済",IF(AND(D6-G6>0,D6-G6<=設定!$B$8),"手数料差引?",IF(G6<D6,"一部入金","過入金"))))) -> 手数料差引? | J6: （サンプル） | L6: 未入金 | M6: =COUNTIF($I$6:$I$205,L6) -> 1 | N6: =SUMIFS($D$6:$D$205,$I$6:$I$205,L6) -> 55000
A7: INV-002 | B7: 46295 | C7: ひだまり工業 | D7: 55000 | E7: 46326 | H7: =IF(OR(D7="",G7=""),"",G7-D7) | I7: =IF(D7="","",IF(G7="",IF(AND(E7<>"",TODAY()>E7),"期日超過","未入金"),IF(G7=D7,"入金済",IF(AND(D7-G7>0,D7-G7<=設定!$B$8),"手数料差引?",IF(G7<D7,"一部入金","過入金"))))) -> 未入金 | J7: （サンプル） | L7: 期日超過 | M7: =COUNTIF($I$6:$I$205,L7) -> 0 | N7: =SUMIFS($D$6:$D$205,$I$6:$I$205,L7) -> 0
A8: INV-003 | B8: 46295 | C8: あおぞら設計 | D8: 33000 | E8: 46326 | F8: 46325 | G8: 33000 | H8: =IF(OR(D8="",G8=""),"",G8-D8) -> 0 | I8: =IF(D8="","",IF(G8="",IF(AND(E8<>"",TODAY()>E8),"期日超過","未入金"),IF(G8=D8,"入金済",IF(AND(D8-G8>0,D8-G8<=設定!$B$8),"手数料差引?",IF(G8<D8,"一部入金","過入金"))))) -> 入金済 | J8: （サンプル） | L8: 一部入金 | M8: =COUNTIF($I$6:$I$205,L8) -> 0 | N8: =SUMIFS($D$6:$D$205,$I$6:$I$205,L8) -> 0
H9: =IF(OR(D9="",G9=""),"",G9-D9) | I9: =IF(D9="","",IF(G9="",IF(AND(E9<>"",TODAY()>E9),"期日超過","未入金"),IF(G9=D9,"入金済",IF(AND(D9-G9>0,D9-G9<=設定!$B$8),"手数料差引?",IF(G9<D9,"一部入金","過入金"))))) | L9: 手数料差引? | M9: =COUNTIF($I$6:$I$205,L9) -> 1 | N9: =SUMIFS($D$6:$D$205,$I$6:$I$205,L9) -> 110000
H10: =IF(OR(D10="",G10=""),"",G10-D10) | I10: =IF(D10="","",IF(G10="",IF(AND(E10<>"",TODAY()>E10),"期日超過","未入金"),IF(G10=D10,"入金済",IF(AND(D10-G10>0,D10-G10<=設定!$B$8),"手数料差引?",IF(G10<D10,"一部入金","過入金"))))) | L10: 過入金 | M10: =COUNTIF($I$6:$I$205,L10) -> 0 | N10: =SUMIFS($D$6:$D$205,$I$6:$I$205,L10) -> 0
H11: =IF(OR(D11="",G11=""),"",G11-D11) | I11: =IF(D11="","",IF(G11="",IF(AND(E11<>"",TODAY()>E11),"期日超過","未入金"),IF(G11=D11,"入金済",IF(AND(D11-G11>0,D11-G11<=設定!$B$8),"手数料差引?",IF(G11<D11,"一部入金","過入金"))))) | L11: 入金済 | M11: =COUNTIF($I$6:$I$205,L11) -> 1 | N11: =SUMIFS($D$6:$D$205,$I$6:$I$205,L11) -> 33000
H12: =IF(OR(D12="",G12=""),"",G12-D12) | I12: =IF(D12="","",IF(G12="",IF(AND(E12<>"",TODAY()>E12),"期日超過","未入金"),IF(G12=D12,"入金済",IF(AND(D12-G12>0,D12-G12<=設定!$B$8),"手数料差引?",IF(G12<D12,"一部入金","過入金"))))) | L12: 請求額−入金額（差し引き） | N12: =SUM(D6:D205)-SUM(G6:G205) -> 55660
H13: =IF(OR(D13="",G13=""),"",G13-D13) | I13: =IF(D13="","",IF(G13="",IF(AND(E13<>"",TODAY()>E13),"期日超過","未入金"),IF(G13=D13,"入金済",IF(AND(D13-G13>0,D13-G13<=設定!$B$8),"手数料差引?",IF(G13<D13,"一部入金","過入金")))))
H14: =IF(OR(D14="",G14=""),"",G14-D14) | I14: =IF(D14="","",IF(G14="",IF(AND(E14<>"",TODAY()>E14),"期日超過","未入金"),IF(G14=D14,"入金済",IF(AND(D14-G14>0,D14-G14<=設定!$B$8),"手数料差引?",IF(G14<D14,"一部入金","過入金"))))) | L14: 「手数料差引?」は振込手数料を差し引かれた可能性があります。
H15: =IF(OR(D15="",G15=""),"",G15-D15) | I15: =IF(D15="","",IF(G15="",IF(AND(E15<>"",TODAY()>E15),"期日超過","未入金"),IF(G15=D15,"入金済",IF(AND(D15-G15>0,D15-G15<=設定!$B$8),"手数料差引?",IF(G15<D15,"一部入金","過入金"))))) | L15: 取引条件（手数料はどちらの負担か）を確認してから処理してください。
H16: =IF(OR(D16="",G16=""),"",G16-D16) | I16: =IF(D16="","",IF(G16="",IF(AND(E16<>"",TODAY()>E16),"期日超過","未入金"),IF(G16=D16,"入金済",IF(AND(D16-G16>0,D16-G16<=設定!$B$8),"手数料差引?",IF(G16<D16,"一部入金","過入金")))))
H17: =IF(OR(D17="",G17=""),"",G17-D17) | I17: =IF(D17="","",IF(G17="",IF(AND(E17<>"",TODAY()>E17),"期日超過","未入金"),IF(G17=D17,"入金済",IF(AND(D17-G17>0,D17-G17<=設定!$B$8),"手数料差引?",IF(G17<D17,"一部入金","過入金")))))
H18: =IF(OR(D18="",G18=""),"",G18-D18) | I18: =IF(D18="","",IF(G18="",IF(AND(E18<>"",TODAY()>E18),"期日超過","未入金"),IF(G18=D18,"入金済",IF(AND(D18-G18>0,D18-G18<=設定!$B$8),"手数料差引?",IF(G18<D18,"一部入金","過入金")))))
H19: =IF(OR(D19="",G19=""),"",G19-D19) | I19: =IF(D19="","",IF(G19="",IF(AND(E19<>"",TODAY()>E19),"期日超過","未入金"),IF(G19=D19,"入金済",IF(AND(D19-G19>0,D19-G19<=設定!$B$8),"手数料差引?",IF(G19<D19,"一部入金","過入金")))))
H20: =IF(OR(D20="",G20=""),"",G20-D20) | I20: =IF(D20="","",IF(G20="",IF(AND(E20<>"",TODAY()>E20),"期日超過","未入金"),IF(G20=D20,"入金済",IF(AND(D20-G20>0,D20-G20<=設定!$B$8),"手数料差引?",IF(G20<D20,"一部入金","過入金")))))
H21: =IF(OR(D21="",G21=""),"",G21-D21) | I21: =IF(D21="","",IF(G21="",IF(AND(E21<>"",TODAY()>E21),"期日超過","未入金"),IF(G21=D21,"入金済",IF(AND(D21-G21>0,D21-G21<=設定!$B$8),"手数料差引?",IF(G21<D21,"一部入金","過入金")))))
H22: =IF(OR(D22="",G22=""),"",G22-D22) | I22: =IF(D22="","",IF(G22="",IF(AND(E22<>"",TODAY()>E22),"期日超過","未入金"),IF(G22=D22,"入金済",IF(AND(D22-G22>0,D22-G22<=設定!$B$8),"手数料差引?",IF(G22<D22,"一部入金","過入金")))))
H23: =IF(OR(D23="",G23=""),"",G23-D23) | I23: =IF(D23="","",IF(G23="",IF(AND(E23<>"",TODAY()>E23),"期日超過","未入金"),IF(G23=D23,"入金済",IF(AND(D23-G23>0,D23-G23<=設定!$B$8),"手数料差引?",IF(G23<D23,"一部入金","過入金")))))
H24: =IF(OR(D24="",G24=""),"",G24-D24) | I24: =IF(D24="","",IF(G24="",IF(AND(E24<>"",TODAY()>E24),"期日超過","未入金"),IF(G24=D24,"入金済",IF(AND(D24-G24>0,D24-G24<=設定!$B$8),"手数料差引?",IF(G24<D24,"一部入金","過入金")))))
H25: =IF(OR(D25="",G25=""),"",G25-D25) | I25: =IF(D25="","",IF(G25="",IF(AND(E25<>"",TODAY()>E25),"期日超過","未入金"),IF(G25=D25,"入金済",IF(AND(D25-G25>0,D25-G25<=設定!$B$8),"手数料差引?",IF(G25<D25,"一部入金","過入金")))))
H26: =IF(OR(D26="",G26=""),"",G26-D26) | I26: =IF(D26="","",IF(G26="",IF(AND(E26<>"",TODAY()>E26),"期日超過","未入金"),IF(G26=D26,"入金済",IF(AND(D26-G26>0,D26-G26<=設定!$B$8),"手数料差引?",IF(G26<D26,"一部入金","過入金")))))
H27: =IF(OR(D27="",G27=""),"",G27-D27) | I27: =IF(D27="","",IF(G27="",IF(AND(E27<>"",TODAY()>E27),"期日超過","未入金"),IF(G27=D27,"入金済",IF(AND(D27-G27>0,D27-G27<=設定!$B$8),"手数料差引?",IF(G27<D27,"一部入金","過入金")))))
... H205: =IF(OR(D205="",G205=""),"",G205-D205) | I205: =IF(D205="","",IF(G205="",IF(AND(E205<>"",TODAY()>E205),"期日超過","未入金"),IF(G205=D205,"入金済",IF(AND(D205-G205>0,D205-G205<=設定!$B$8),"手数料差引?",IF(G205<D205,"一部入金","過入金")))))

Sheet 月次集計
A1: 月次集計
A2: 「経費精算」「請求・入金」に入力した内容を、月ごとに自動で集計します。年度は「設定」シートで変えられます。
A3: このシートは入力不要です（すべて自動で計算されます）
A4: 経費（勘定科目別）
A5: 勘定科目 | B5: =DATE(設定!$B$5,設定!$B$6,1) -> 46113 | C5: =EDATE(B5,1) -> 46143 | D5: =EDATE(C5,1) -> 46174 | E5: =EDATE(D5,1) -> 46204 | F5: =EDATE(E5,1) -> 46235 | G5: =EDATE(F5,1) -> 46266 | H5: =EDATE(G5,1) -> 46296 | I5: =EDATE(H5,1) -> 46327 | J5: =EDATE(I5,1) -> 46357 | ... M5: =EDATE(L5,1) -> 46447 | N5: 年度合計
A6: =IF(設定!A11="","",設定!A11) -> 旅費交通費 | B6: =IF($A6="","",SUMIFS(経費精算!$F$6:$F$205,経費精算!$D$6:$D$205,$A6,経費精算!$B$6:$B$205,">="&B$5,経費精算!$B$6:$B$205,"<"&EDATE(B$5,1))) -> 0 | C6: =IF($A6="","",SUMIFS(経費精算!$F$6:$F$205,経費精算!$D$6:$D$205,$A6,経費精算!$B$6:$B$205,">="&C$5,経費精算!$B$6:$B$205,"<"&EDATE(C$5,1))) -> 0 | D6: =IF($A6="","",SUMIFS(経費精算!$F$6:$F$205,経費精算!$D$6:$D$205,$A6,経費精算!$B$6:$B$205,">="&D$5,経費精算!$B$6:$B$205,"<"&EDATE(D$5,1))) -> 0 | E6: =IF($A6="","",SUMIFS(経費精算!$F$6:$F$205,経費精算!$D$6:$D$205,$A6,経費精算!$B$6:$B$205,">="&E$5,経費精算!$B$6:$B$205,"<"&EDATE(E$5,1))) -> 0 | F6: =IF($A6="","",SUMIFS(経費精算!$F$6:$F$205,経費精算!$D$6:$D$205,$A6,経費精算!$B$6:$B$205,">="&F$5,経費精算!$B$6:$B$205,"<"&EDATE(F$5,1))) -> 0 | G6: =IF($A6="","",SUMIFS(経費精算!$F$6:$F$205,経費精算!$D$6:$D$205,$A6,経費精算!$B$6:$B$205,">="&G$5,経費精算!$B$6:$B$205,"<"&EDATE(G$5,1))) -> 0 | H6: =IF($A6="","",SUMIFS(経費精算!$F$6:$F$205,経費精算!$D$6:$D$205,$A6,経費精算!$B$6:$B$205,">="&H$5,経費精算!$B$6:$B$205,"<"&EDATE(H$5,1))) -> 640 | I6: =IF($A6="","",SUMIFS(経費精算!$F$6:$F$205,経費精算!$D$6:$D$205,$A6,経費精算!$B$6:$B$205,">="&I$5,経費精算!$B$6:$B$205,"<"&EDATE(I$5,1))) -> 0 | ... M6: =IF($A6="","",SUMIFS(経費精算!$F$6:$F$205,経費精算!$D$6:$D$205,$A6,経費精算!$B$6:$B$205,">="&M$5,経費精算!$B$6:$B$205,"<"&EDATE(M$5,1))) -> 0 | N6: =IF($A6="","",SUM(B6:M6)) -> 640
A7: =IF(設定!A12="","",設定!A12) -> 消耗品費 | B7: =IF($A7="","",SUMIFS(経費精算!$F$6:$F$205,経費精算!$D$6:$D$205,$A7,経費精算!$B$6:$B$205,">="&B$5,経費精算!$B$6:$B$205,"<"&EDATE(B$5,1))) -> 0 | C7: =IF($A7="","",SUMIFS(経費精算!$F$6:$F$205,経費精算!$D$6:$D$205,$A7,経費精算!$B$6:$B$205,">="&C$5,経費精算!$B$6:$B$205,"<"&EDATE(C$5,1))) -> 0 | D7: =IF($A7="","",SUMIFS(経費精算!$F$6:$F$205,経費精算!$D$6:$D$205,$A7,経費精算!$B$6:$B$205,">="&D$5,経費精算!$B$6:$B$205,"<"&EDATE(D$5,1))) -> 0 | E7: =IF($A7="","",SUMIFS(経費精算!$F$6:$F$205,経費精算!$D$6:$D$205,$A7,経費精算!$B$6:$B$205,">="&E$5,経費精算!$B$6:$B$205,"<"&EDATE(E$5,1))) -> 0 | F7: =IF($A7="","",SUMIFS(経費精算!$F$6:$F$205,経費精算!$D$6:$D$205,$A7,経費精算!$B$6:$B$205,">="&F$5,経費精算!$B$6:$B$205,"<"&EDATE(F$5,1))) -> 0 | G7: =IF($A7="","",SUMIFS(経費精算!$F$6:$F$205,経費精算!$D$6:$D$205,$A7,経費精算!$B$6:$B$205,">="&G$5,経費精算!$B$6:$B$205,"<"&EDATE(G$5,1))) -> 0 | H7: =IF($A7="","",SUMIFS(経費精算!$F$6:$F$205,経費精算!$D$6:$D$205,$A7,経費精算!$B$6:$B$205,">="&H$5,経費精算!$B$6:$B$205,"<"&EDATE(H$5,1))) -> 1980 | I7: =IF($A7="","",SUMIFS(経費精算!$F$6:$F$205,経費精算!$D$6:$D$205,$A7,経費精算!$B$6:$B$205,">="&I$5,経費精算!$B$6:$B$205,"<"&EDATE(I$5,1))) -> 0 | ... M7: =IF($A7="","",SUMIFS(経費精算!$F$6:$F$205,経費精算!$D$6:$D$205,$A7,経費精算!$B$6:$B$205,">="&M$5,経費精算!$B$6:$B$205,"<"&EDATE(M$5,1))) -> 0 | N7: =IF($A7="","",SUM(B7:M7)) -> 1980
A8: =IF(設定!A13="","",設定!A13) -> 会議費 | B8: =IF($A8="","",SUMIFS(経費精算!$F$6:$F$205,経費精算!$D$6:$D$205,$A8,経費精算!$B$6:$B$205,">="&B$5,経費精算!$B$6:$B$205,"<"&EDATE(B$5,1))) -> 0 | C8: =IF($A8="","",SUMIFS(経費精算!$F$6:$F$205,経費精算!$D$6:$D$205,$A8,経費精算!$B$6:$B$205,">="&C$5,経費精算!$B$6:$B$205,"<"&EDATE(C$5,1))) -> 0 | D8: =IF($A8="","",SUMIFS(経費精算!$F$6:$F$205,経費精算!$D$6:$D$205,$A8,経費精算!$B$6:$B$205,">="&D$5,経費精算!$B$6:$B$205,"<"&EDATE(D$5,1))) -> 0 | E8: =IF($A8="","",SUMIFS(経費精算!$F$6:$F$205,経費精算!$D$6:$D$205,$A8,経費精算!$B$6:$B$205,">="&E$5,経費精算!$B$6:$B$205,"<"&EDATE(E$5,1))) -> 0 | F8: =IF($A8="","",SUMIFS(経費精算!$F$6:$F$205,経費精算!$D$6:$D$205,$A8,経費精算!$B$6:$B$205,">="&F$5,経費精算!$B$6:$B$205,"<"&EDATE(F$5,1))) -> 0 | G8: =IF($A8="","",SUMIFS(経費精算!$F$6:$F$205,経費精算!$D$6:$D$205,$A8,経費精算!$B$6:$B$205,">="&G$5,経費精算!$B$6:$B$205,"<"&EDATE(G$5,1))) -> 0 | H8: =IF($A8="","",SUMIFS(経費精算!$F$6:$F$205,経費精算!$D$6:$D$205,$A8,経費精算!$B$6:$B$205,">="&H$5,経費精算!$B$6:$B$205,"<"&EDATE(H$5,1))) -> 35000 | I8: =IF($A8="","",SUMIFS(経費精算!$F$6:$F$205,経費精算!$D$6:$D$205,$A8,経費精算!$B$6:$B$205,">="&I$5,経費精算!$B$6:$B$205,"<"&EDATE(I$5,1))) -> 0 | ... M8: =IF($A8="","",SUMIFS(経費精算!$F$6:$F$205,経費精算!$D$6:$D$205,$A8,経費精算!$B$6:$B$205,">="&M$5,経費精算!$B$6:$B$205,"<"&EDATE(M$5,1))) -> 0 | N8: =IF($A8="","",SUM(B8:M8)) -> 35000
A9: =IF(設定!A14="","",設定!A14) -> 接待交際費 | B9: =IF($A9="","",SUMIFS(経費精算!$F$6:$F$205,経費精算!$D$6:$D$205,$A9,経費精算!$B$6:$B$205,">="&B$5,経費精算!$B$6:$B$205,"<"&EDATE(B$5,1))) -> 0 | C9: =IF($A9="","",SUMIFS(経費精算!$F$6:$F$205,経費精算!$D$6:$D$205,$A9,経費精算!$B$6:$B$205,">="&C$5,経費精算!$B$6:$B$205,"<"&EDATE(C$5,1))) -> 0 | D9: =IF($A9="","",SUMIFS(経費精算!$F$6:$F$205,経費精算!$D$6:$D$205,$A9,経費精算!$B$6:$B$205,">="&D$5,経費精算!$B$6:$B$205,"<"&EDATE(D$5,1))) -> 0 | E9: =IF($A9="","",SUMIFS(経費精算!$F$6:$F$205,経費精算!$D$6:$D$205,$A9,経費精算!$B$6:$B$205,">="&E$5,経費精算!$B$6:$B$205,"<"&EDATE(E$5,1))) -> 0 | F9: =IF($A9="","",SUMIFS(経費精算!$F$6:$F$205,経費精算!$D$6:$D$205,$A9,経費精算!$B$6:$B$205,">="&F$5,経費精算!$B$6:$B$205,"<"&EDATE(F$5,1))) -> 0 | G9: =IF($A9="","",SUMIFS(経費精算!$F$6:$F$205,経費精算!$D$6:$D$205,$A9,経費精算!$B$6:$B$205,">="&G$5,経費精算!$B$6:$B$205,"<"&EDATE(G$5,1))) -> 0 | H9: =IF($A9="","",SUMIFS(経費精算!$F$6:$F$205,経費精算!$D$6:$D$205,$A9,経費精算!$B$6:$B$205,">="&H$5,経費精算!$B$6:$B$205,"<"&EDATE(H$5,1))) -> 0 | I9: =IF($A9="","",SUMIFS(経費精算!$F$6:$F$205,経費精算!$D$6:$D$205,$A9,経費精算!$B$6:$B$205,">="&I$5,経費精算!$B$6:$B$205,"<"&EDATE(I$5,1))) -> 0 | ... M9: =IF($A9="","",SUMIFS(経費精算!$F$6:$F$205,経費精算!$D$6:$D$205,$A9,経費精算!$B$6:$B$205,">="&M$5,経費精算!$B$6:$B$205,"<"&EDATE(M$5,1))) -> 0 | N9: =IF($A9="","",SUM(B9:M9)) -> 0
A10: =IF(設定!A15="","",設定!A15) -> 通信費 | B10: =IF($A10="","",SUMIFS(経費精算!$F$6:$F$205,経費精算!$D$6:$D$205,$A10,経費精算!$B$6:$B$205,">="&B$5,経費精算!$B$6:$B$205,"<"&EDATE(B$5,1))) -> 0 | C10: =IF($A10="","",SUMIFS(経費精算!$F$6:$F$205,経費精算!$D$6:$D$205,$A10,経費精算!$B$6:$B$205,">="&C$5,経費精算!$B$6:$B$205,"<"&EDATE(C$5,1))) -> 0 | D10: =IF($A10="","",SUMIFS(経費精算!$F$6:$F$205,経費精算!$D$6:$D$205,$A10,経費精算!$B$6:$B$205,">="&D$5,経費精算!$B$6:$B$205,"<"&EDATE(D$5,1))) -> 0 | E10: =IF($A10="","",SUMIFS(経費精算!$F$6:$F$205,経費精算!$D$6:$D$205,$A10,経費精算!$B$6:$B$205,">="&E$5,経費精算!$B$6:$B$205,"<"&EDATE(E$5,1))) -> 0 | F10: =IF($A10="","",SUMIFS(経費精算!$F$6:$F$205,経費精算!$D$6:$D$205,$A10,経費精算!$B$6:$B$205,">="&F$5,経費精算!$B$6:$B$205,"<"&EDATE(F$5,1))) -> 0 | G10: =IF($A10="","",SUMIFS(経費精算!$F$6:$F$205,経費精算!$D$6:$D$205,$A10,経費精算!$B$6:$B$205,">="&G$5,経費精算!$B$6:$B$205,"<"&EDATE(G$5,1))) -> 0 | H10: =IF($A10="","",SUMIFS(経費精算!$F$6:$F$205,経費精算!$D$6:$D$205,$A10,経費精算!$B$6:$B$205,">="&H$5,経費精算!$B$6:$B$205,"<"&EDATE(H$5,1))) -> 0 | I10: =IF($A10="","",SUMIFS(経費精算!$F$6:$F$205,経費精算!$D$6:$D$205,$A10,経費精算!$B$6:$B$205,">="&I$5,経費精算!$B$6:$B$205,"<"&EDATE(I$5,1))) -> 0 | ... M10: =IF($A10="","",SUMIFS(経費精算!$F$6:$F$205,経費精算!$D$6:$D$205,$A10,経費精算!$B$6:$B$205,">="&M$5,経費精算!$B$6:$B$205,"<"&EDATE(M$5,1))) -> 0 | N10: =IF($A10="","",SUM(B10:M10)) -> 0
A11: =IF(設定!A16="","",設定!A16) -> 新聞図書費 | B11: =IF($A11="","",SUMIFS(経費精算!$F$6:$F$205,経費精算!$D$6:$D$205,$A11,経費精算!$B$6:$B$205,">="&B$5,経費精算!$B$6:$B$205,"<"&EDATE(B$5,1))) -> 0 | C11: =IF($A11="","",SUMIFS(経費精算!$F$6:$F$205,経費精算!$D$6:$D$205,$A11,経費精算!$B$6:$B$205,">="&C$5,経費精算!$B$6:$B$205,"<"&EDATE(C$5,1))) -> 0 | D11: =IF($A11="","",SUMIFS(経費精算!$F$6:$F$205,経費精算!$D$6:$D$205,$A11,経費精算!$B$6:$B$205,">="&D$5,経費精算!$B$6:$B$205,"<"&EDATE(D$5,1))) -> 0 | E11: =IF($A11="","",SUMIFS(経費精算!$F$6:$F$205,経費精算!$D$6:$D$205,$A11,経費精算!$B$6:$B$205,">="&E$5,経費精算!$B$6:$B$205,"<"&EDATE(E$5,1))) -> 0 | F11: =IF($A11="","",SUMIFS(経費精算!$F$6:$F$205,経費精算!$D$6:$D$205,$A11,経費精算!$B$6:$B$205,">="&F$5,経費精算!$B$6:$B$205,"<"&EDATE(F$5,1))) -> 0 | G11: =IF($A11="","",SUMIFS(経費精算!$F$6:$F$205,経費精算!$D$6:$D$205,$A11,経費精算!$B$6:$B$205,">="&G$5,経費精算!$B$6:$B$205,"<"&EDATE(G$5,1))) -> 0 | H11: =IF($A11="","",SUMIFS(経費精算!$F$6:$F$205,経費精算!$D$6:$D$205,$A11,経費精算!$B$6:$B$205,">="&H$5,経費精算!$B$6:$B$205,"<"&EDATE(H$5,1))) -> 0 | I11: =IF($A11="","",SUMIFS(経費精算!$F$6:$F$205,経費精算!$D$6:$D$205,$A11,経費精算!$B$6:$B$205,">="&I$5,経費精算!$B$6:$B$205,"<"&EDATE(I$5,1))) -> 0 | ... M11: =IF($A11="","",SUMIFS(経費精算!$F$6:$F$205,経費精算!$D$6:$D$205,$A11,経費精算!$B$6:$B$205,">="&M$5,経費精算!$B$6:$B$205,"<"&EDATE(M$5,1))) -> 0 | N11: =IF($A11="","",SUM(B11:M11)) -> 0
A12: =IF(設定!A17="","",設定!A17) -> 支払手数料 | B12: =IF($A12="","",SUMIFS(経費精算!$F$6:$F$205,経費精算!$D$6:$D$205,$A12,経費精算!$B$6:$B$205,">="&B$5,経費精算!$B$6:$B$205,"<"&EDATE(B$5,1))) -> 0 | C12: =IF($A12="","",SUMIFS(経費精算!$F$6:$F$205,経費精算!$D$6:$D$205,$A12,経費精算!$B$6:$B$205,">="&C$5,経費精算!$B$6:$B$205,"<"&EDATE(C$5,1))) -> 0 | D12: =IF($A12="","",SUMIFS(経費精算!$F$6:$F$205,経費精算!$D$6:$D$205,$A12,経費精算!$B$6:$B$205,">="&D$5,経費精算!$B$6:$B$205,"<"&EDATE(D$5,1))) -> 0 | E12: =IF($A12="","",SUMIFS(経費精算!$F$6:$F$205,経費精算!$D$6:$D$205,$A12,経費精算!$B$6:$B$205,">="&E$5,経費精算!$B$6:$B$205,"<"&EDATE(E$5,1))) -> 0 | F12: =IF($A12="","",SUMIFS(経費精算!$F$6:$F$205,経費精算!$D$6:$D$205,$A12,経費精算!$B$6:$B$205,">="&F$5,経費精算!$B$6:$B$205,"<"&EDATE(F$5,1))) -> 0 | G12: =IF($A12="","",SUMIFS(経費精算!$F$6:$F$205,経費精算!$D$6:$D$205,$A12,経費精算!$B$6:$B$205,">="&G$5,経費精算!$B$6:$B$205,"<"&EDATE(G$5,1))) -> 0 | H12: =IF($A12="","",SUMIFS(経費精算!$F$6:$F$205,経費精算!$D$6:$D$205,$A12,経費精算!$B$6:$B$205,">="&H$5,経費精算!$B$6:$B$205,"<"&EDATE(H$5,1))) -> 0 | I12: =IF($A12="","",SUMIFS(経費精算!$F$6:$F$205,経費精算!$D$6:$D$205,$A12,経費精算!$B$6:$B$205,">="&I$5,経費精算!$B$6:$B$205,"<"&EDATE(I$5,1))) -> 0 | ... M12: =IF($A12="","",SUMIFS(経費精算!$F$6:$F$205,経費精算!$D$6:$D$205,$A12,経費精算!$B$6:$B$205,">="&M$5,経費精算!$B$6:$B$205,"<"&EDATE(M$5,1))) -> 0 | N12: =IF($A12="","",SUM(B12:M12)) -> 0
A13: =IF(設定!A18="","",設定!A18) -> 福利厚生費 | B13: =IF($A13="","",SUMIFS(経費精算!$F$6:$F$205,経費精算!$D$6:$D$205,$A13,経費精算!$B$6:$B$205,">="&B$5,経費精算!$B$6:$B$205,"<"&EDATE(B$5,1))) -> 0 | C13: =IF($A13="","",SUMIFS(経費精算!$F$6:$F$205,経費精算!$D$6:$D$205,$A13,経費精算!$B$6:$B$205,">="&C$5,経費精算!$B$6:$B$205,"<"&EDATE(C$5,1))) -> 0 | D13: =IF($A13="","",SUMIFS(経費精算!$F$6:$F$205,経費精算!$D$6:$D$205,$A13,経費精算!$B$6:$B$205,">="&D$5,経費精算!$B$6:$B$205,"<"&EDATE(D$5,1))) -> 0 | E13: =IF($A13="","",SUMIFS(経費精算!$F$6:$F$205,経費精算!$D$6:$D$205,$A13,経費精算!$B$6:$B$205,">="&E$5,経費精算!$B$6:$B$205,"<"&EDATE(E$5,1))) -> 0 | F13: =IF($A13="","",SUMIFS(経費精算!$F$6:$F$205,経費精算!$D$6:$D$205,$A13,経費精算!$B$6:$B$205,">="&F$5,経費精算!$B$6:$B$205,"<"&EDATE(F$5,1))) -> 0 | G13: =IF($A13="","",SUMIFS(経費精算!$F$6:$F$205,経費精算!$D$6:$D$205,$A13,経費精算!$B$6:$B$205,">="&G$5,経費精算!$B$6:$B$205,"<"&EDATE(G$5,1))) -> 0 | H13: =IF($A13="","",SUMIFS(経費精算!$F$6:$F$205,経費精算!$D$6:$D$205,$A13,経費精算!$B$6:$B$205,">="&H$5,経費精算!$B$6:$B$205,"<"&EDATE(H$5,1))) -> 0 | I13: =IF($A13="","",SUMIFS(経費精算!$F$6:$F$205,経費精算!$D$6:$D$205,$A13,経費精算!$B$6:$B$205,">="&I$5,経費精算!$B$6:$B$205,"<"&EDATE(I$5,1))) -> 0 | ... M13: =IF($A13="","",SUMIFS(経費精算!$F$6:$F$205,経費精算!$D$6:$D$205,$A13,経費精算!$B$6:$B$205,">="&M$5,経費精算!$B$6:$B$205,"<"&EDATE(M$5,1))) -> 0 | N13: =IF($A13="","",SUM(B13:M13)) -> 0
A14: =IF(設定!A19="","",設定!A19) -> 雑費 | B14: =IF($A14="","",SUMIFS(経費精算!$F$6:$F$205,経費精算!$D$6:$D$205,$A14,経費精算!$B$6:$B$205,">="&B$5,経費精算!$B$6:$B$205,"<"&EDATE(B$5,1))) -> 0 | C14: =IF($A14="","",SUMIFS(経費精算!$F$6:$F$205,経費精算!$D$6:$D$205,$A14,経費精算!$B$6:$B$205,">="&C$5,経費精算!$B$6:$B$205,"<"&EDATE(C$5,1))) -> 0 | D14: =IF($A14="","",SUMIFS(経費精算!$F$6:$F$205,経費精算!$D$6:$D$205,$A14,経費精算!$B$6:$B$205,">="&D$5,経費精算!$B$6:$B$205,"<"&EDATE(D$5,1))) -> 0 | E14: =IF($A14="","",SUMIFS(経費精算!$F$6:$F$205,経費精算!$D$6:$D$205,$A14,経費精算!$B$6:$B$205,">="&E$5,経費精算!$B$6:$B$205,"<"&EDATE(E$5,1))) -> 0 | F14: =IF($A14="","",SUMIFS(経費精算!$F$6:$F$205,経費精算!$D$6:$D$205,$A14,経費精算!$B$6:$B$205,">="&F$5,経費精算!$B$6:$B$205,"<"&EDATE(F$5,1))) -> 0 | G14: =IF($A14="","",SUMIFS(経費精算!$F$6:$F$205,経費精算!$D$6:$D$205,$A14,経費精算!$B$6:$B$205,">="&G$5,経費精算!$B$6:$B$205,"<"&EDATE(G$5,1))) -> 0 | H14: =IF($A14="","",SUMIFS(経費精算!$F$6:$F$205,経費精算!$D$6:$D$205,$A14,経費精算!$B$6:$B$205,">="&H$5,経費精算!$B$6:$B$205,"<"&EDATE(H$5,1))) -> 0 | I14: =IF($A14="","",SUMIFS(経費精算!$F$6:$F$205,経費精算!$D$6:$D$205,$A14,経費精算!$B$6:$B$205,">="&I$5,経費精算!$B$6:$B$205,"<"&EDATE(I$5,1))) -> 0 | ... M14: =IF($A14="","",SUMIFS(経費精算!$F$6:$F$205,経費精算!$D$6:$D$205,$A14,経費精算!$B$6:$B$205,">="&M$5,経費精算!$B$6:$B$205,"<"&EDATE(M$5,1))) -> 0 | N14: =IF($A14="","",SUM(B14:M14)) -> 0
A15: =IF(設定!A20="","",設定!A20) | B15: =IF($A15="","",SUMIFS(経費精算!$F$6:$F$205,経費精算!$D$6:$D$205,$A15,経費精算!$B$6:$B$205,">="&B$5,経費精算!$B$6:$B$205,"<"&EDATE(B$5,1))) | C15: =IF($A15="","",SUMIFS(経費精算!$F$6:$F$205,経費精算!$D$6:$D$205,$A15,経費精算!$B$6:$B$205,">="&C$5,経費精算!$B$6:$B$205,"<"&EDATE(C$5,1))) | D15: =IF($A15="","",SUMIFS(経費精算!$F$6:$F$205,経費精算!$D$6:$D$205,$A15,経費精算!$B$6:$B$205,">="&D$5,経費精算!$B$6:$B$205,"<"&EDATE(D$5,1))) | E15: =IF($A15="","",SUMIFS(経費精算!$F$6:$F$205,経費精算!$D$6:$D$205,$A15,経費精算!$B$6:$B$205,">="&E$5,経費精算!$B$6:$B$205,"<"&EDATE(E$5,1))) | F15: =IF($A15="","",SUMIFS(経費精算!$F$6:$F$205,経費精算!$D$6:$D$205,$A15,経費精算!$B$6:$B$205,">="&F$5,経費精算!$B$6:$B$205,"<"&EDATE(F$5,1))) | G15: =IF($A15="","",SUMIFS(経費精算!$F$6:$F$205,経費精算!$D$6:$D$205,$A15,経費精算!$B$6:$B$205,">="&G$5,経費精算!$B$6:$B$205,"<"&EDATE(G$5,1))) | H15: =IF($A15="","",SUMIFS(経費精算!$F$6:$F$205,経費精算!$D$6:$D$205,$A15,経費精算!$B$6:$B$205,">="&H$5,経費精算!$B$6:$B$205,"<"&EDATE(H$5,1))) | I15: =IF($A15="","",SUMIFS(経費精算!$F$6:$F$205,経費精算!$D$6:$D$205,$A15,経費精算!$B$6:$B$205,">="&I$5,経費精算!$B$6:$B$205,"<"&EDATE(I$5,1))) | ... M15: =IF($A15="","",SUMIFS(経費精算!$F$6:$F$205,経費精算!$D$6:$D$205,$A15,経費精算!$B$6:$B$205,">="&M$5,経費精算!$B$6:$B$205,"<"&EDATE(M$5,1))) | N15: =IF($A15="","",SUM(B15:M15))
A16: =IF(設定!A21="","",設定!A21) | B16: =IF($A16="","",SUMIFS(経費精算!$F$6:$F$205,経費精算!$D$6:$D$205,$A16,経費精算!$B$6:$B$205,">="&B$5,経費精算!$B$6:$B$205,"<"&EDATE(B$5,1))) | C16: =IF($A16="","",SUMIFS(経費精算!$F$6:$F$205,経費精算!$D$6:$D$205,$A16,経費精算!$B$6:$B$205,">="&C$5,経費精算!$B$6:$B$205,"<"&EDATE(C$5,1))) | D16: =IF($A16="","",SUMIFS(経費精算!$F$6:$F$205,経費精算!$D$6:$D$205,$A16,経費精算!$B$6:$B$205,">="&D$5,経費精算!$B$6:$B$205,"<"&EDATE(D$5,1))) | E16: =IF($A16="","",SUMIFS(経費精算!$F$6:$F$205,経費精算!$D$6:$D$205,$A16,経費精算!$B$6:$B$205,">="&E$5,経費精算!$B$6:$B$205,"<"&EDATE(E$5,1))) | F16: =IF($A16="","",SUMIFS(経費精算!$F$6:$F$205,経費精算!$D$6:$D$205,$A16,経費精算!$B$6:$B$205,">="&F$5,経費精算!$B$6:$B$205,"<"&EDATE(F$5,1))) | G16: =IF($A16="","",SUMIFS(経費精算!$F$6:$F$205,経費精算!$D$6:$D$205,$A16,経費精算!$B$6:$B$205,">="&G$5,経費精算!$B$6:$B$205,"<"&EDATE(G$5,1))) | H16: =IF($A16="","",SUMIFS(経費精算!$F$6:$F$205,経費精算!$D$6:$D$205,$A16,経費精算!$B$6:$B$205,">="&H$5,経費精算!$B$6:$B$205,"<"&EDATE(H$5,1))) | I16: =IF($A16="","",SUMIFS(経費精算!$F$6:$F$205,経費精算!$D$6:$D$205,$A16,経費精算!$B$6:$B$205,">="&I$5,経費精算!$B$6:$B$205,"<"&EDATE(I$5,1))) | ... M16: =IF($A16="","",SUMIFS(経費精算!$F$6:$F$205,経費精算!$D$6:$D$205,$A16,経費精算!$B$6:$B$205,">="&M$5,経費精算!$B$6:$B$205,"<"&EDATE(M$5,1))) | N16: =IF($A16="","",SUM(B16:M16))
A17: =IF(設定!A22="","",設定!A22) | B17: =IF($A17="","",SUMIFS(経費精算!$F$6:$F$205,経費精算!$D$6:$D$205,$A17,経費精算!$B$6:$B$205,">="&B$5,経費精算!$B$6:$B$205,"<"&EDATE(B$5,1))) | C17: =IF($A17="","",SUMIFS(経費精算!$F$6:$F$205,経費精算!$D$6:$D$205,$A17,経費精算!$B$6:$B$205,">="&C$5,経費精算!$B$6:$B$205,"<"&EDATE(C$5,1))) | D17: =IF($A17="","",SUMIFS(経費精算!$F$6:$F$205,経費精算!$D$6:$D$205,$A17,経費精算!$B$6:$B$205,">="&D$5,経費精算!$B$6:$B$205,"<"&EDATE(D$5,1))) | E17: =IF($A17="","",SUMIFS(経費精算!$F$6:$F$205,経費精算!$D$6:$D$205,$A17,経費精算!$B$6:$B$205,">="&E$5,経費精算!$B$6:$B$205,"<"&EDATE(E$5,1))) | F17: =IF($A17="","",SUMIFS(経費精算!$F$6:$F$205,経費精算!$D$6:$D$205,$A17,経費精算!$B$6:$B$205,">="&F$5,経費精算!$B$6:$B$205,"<"&EDATE(F$5,1))) | G17: =IF($A17="","",SUMIFS(経費精算!$F$6:$F$205,経費精算!$D$6:$D$205,$A17,経費精算!$B$6:$B$205,">="&G$5,経費精算!$B$6:$B$205,"<"&EDATE(G$5,1))) | H17: =IF($A17="","",SUMIFS(経費精算!$F$6:$F$205,経費精算!$D$6:$D$205,$A17,経費精算!$B$6:$B$205,">="&H$5,経費精算!$B$6:$B$205,"<"&EDATE(H$5,1))) | I17: =IF($A17="","",SUMIFS(経費精算!$F$6:$F$205,経費精算!$D$6:$D$205,$A17,経費精算!$B$6:$B$205,">="&I$5,経費精算!$B$6:$B$205,"<"&EDATE(I$5,1))) | ... M17: =IF($A17="","",SUMIFS(経費精算!$F$6:$F$205,経費精算!$D$6:$D$205,$A17,経費精算!$B$6:$B$205,">="&M$5,経費精算!$B$6:$B$205,"<"&EDATE(M$5,1))) | N17: =IF($A17="","",SUM(B17:M17))
... A25: =IF(設定!A30="","",設定!A30) | B25: =IF($A25="","",SUMIFS(経費精算!$F$6:$F$205,経費精算!$D$6:$D$205,$A25,経費精算!$B$6:$B$205,">="&B$5,経費精算!$B$6:$B$205,"<"&EDATE(B$5,1))) | C25: =IF($A25="","",SUMIFS(経費精算!$F$6:$F$205,経費精算!$D$6:$D$205,$A25,経費精算!$B$6:$B$205,">="&C$5,経費精算!$B$6:$B$205,"<"&EDATE(C$5,1))) | D25: =IF($A25="","",SUMIFS(経費精算!$F$6:$F$205,経費精算!$D$6:$D$205,$A25,経費精算!$B$6:$B$205,">="&D$5,経費精算!$B$6:$B$205,"<"&EDATE(D$5,1))) | E25: =IF($A25="","",SUMIFS(経費精算!$F$6:$F$205,経費精算!$D$6:$D$205,$A25,経費精算!$B$6:$B$205,">="&E$5,経費精算!$B$6:$B$205,"<"&EDATE(E$5,1))) | F25: =IF($A25="","",SUMIFS(経費精算!$F$6:$F$205,経費精算!$D$6:$D$205,$A25,経費精算!$B$6:$B$205,">="&F$5,経費精算!$B$6:$B$205,"<"&EDATE(F$5,1))) | G25: =IF($A25="","",SUMIFS(経費精算!$F$6:$F$205,経費精算!$D$6:$D$205,$A25,経費精算!$B$6:$B$205,">="&G$5,経費精算!$B$6:$B$205,"<"&EDATE(G$5,1))) | H25: =IF($A25="","",SUMIFS(経費精算!$F$6:$F$205,経費精算!$D$6:$D$205,$A25,経費精算!$B$6:$B$205,">="&H$5,経費精算!$B$6:$B$205,"<"&EDATE(H$5,1))) | I25: =IF($A25="","",SUMIFS(経費精算!$F$6:$F$205,経費精算!$D$6:$D$205,$A25,経費精算!$B$6:$B$205,">="&I$5,経費精算!$B$6:$B$205,"<"&EDATE(I$5,1))) | ... M25: =IF($A25="","",SUMIFS(経費精算!$F$6:$F$205,経費精算!$D$6:$D$205,$A25,経費精算!$B$6:$B$205,">="&M$5,経費精算!$B$6:$B$205,"<"&EDATE(M$5,1))) | N25: =IF($A25="","",SUM(B25:M25))
A26: 経費の合計 | B26: =SUM(B6:B25) -> 0 | C26: =SUM(C6:C25) -> 0 | D26: =SUM(D6:D25) -> 0 | E26: =SUM(E6:E25) -> 0 | F26: =SUM(F6:F25) -> 0 | G26: =SUM(G6:G25) -> 0 | H26: =SUM(H6:H25) -> 37620 | I26: =SUM(I6:I25) -> 0 | ... N26: =SUM(N6:N25) -> 37620
A29: 請求額（取引先別・請求日の月で集計）
A30: 取引先 | B30: =B$5 -> 46113 | C30: =C$5 -> 46143 | D30: =D$5 -> 46174 | E30: =E$5 -> 46204 | F30: =F$5 -> 46235 | G30: =G$5 -> 46266 | H30: =H$5 -> 46296 | I30: =I$5 -> 46327 | ... M30: =M$5 -> 46447 | N30: 年度合計
A31: =IF(設定!D11="","",設定!D11) -> サンプル商事 | B31: =IF($A31="","",SUMIFS(請求・入金!$D$6:$D$205,請求・入金!$C$6:$C$205,$A31,請求・入金!$B$6:$B$205,">="&B$5,請求・入金!$B$6:$B$205,"<"&EDATE(B$5,1))) -> 0 | C31: =IF($A31="","",SUMIFS(請求・入金!$D$6:$D$205,請求・入金!$C$6:$C$205,$A31,請求・入金!$B$6:$B$205,">="&C$5,請求・入金!$B$6:$B$205,"<"&EDATE(C$5,1))) -> 0 | D31: =IF($A31="","",SUMIFS(請求・入金!$D$6:$D$205,請求・入金!$C$6:$C$205,$A31,請求・入金!$B$6:$B$205,">="&D$5,請求・入金!$B$6:$B$205,"<"&EDATE(D$5,1))) -> 0 | E31: =IF($A31="","",SUMIFS(請求・入金!$D$6:$D$205,請求・入金!$C$6:$C$205,$A31,請求・入金!$B$6:$B$205,">="&E$5,請求・入金!$B$6:$B$205,"<"&EDATE(E$5,1))) -> 0 | F31: =IF($A31="","",SUMIFS(請求・入金!$D$6:$D$205,請求・入金!$C$6:$C$205,$A31,請求・入金!$B$6:$B$205,">="&F$5,請求・入金!$B$6:$B$205,"<"&EDATE(F$5,1))) -> 0 | G31: =IF($A31="","",SUMIFS(請求・入金!$D$6:$D$205,請求・入金!$C$6:$C$205,$A31,請求・入金!$B$6:$B$205,">="&G$5,請求・入金!$B$6:$B$205,"<"&EDATE(G$5,1))) -> 110000 | H31: =IF($A31="","",SUMIFS(請求・入金!$D$6:$D$205,請求・入金!$C$6:$C$205,$A31,請求・入金!$B$6:$B$205,">="&H$5,請求・入金!$B$6:$B$205,"<"&EDATE(H$5,1))) -> 0 | I31: =IF($A31="","",SUMIFS(請求・入金!$D$6:$D$205,請求・入金!$C$6:$C$205,$A31,請求・入金!$B$6:$B$205,">="&I$5,請求・入金!$B$6:$B$205,"<"&EDATE(I$5,1))) -> 0 | ... M31: =IF($A31="","",SUMIFS(請求・入金!$D$6:$D$205,請求・入金!$C$6:$C$205,$A31,請求・入金!$B$6:$B$205,">="&M$5,請求・入金!$B$6:$B$205,"<"&EDATE(M$5,1))) -> 0 | N31: =IF($A31="","",SUM(B31:M31)) -> 110000
A32: =IF(設定!D12="","",設定!D12) -> ひだまり工業 | B32: =IF($A32="","",SUMIFS(請求・入金!$D$6:$D$205,請求・入金!$C$6:$C$205,$A32,請求・入金!$B$6:$B$205,">="&B$5,請求・入金!$B$6:$B$205,"<"&EDATE(B$5,1))) -> 0 | C32: =IF($A32="","",SUMIFS(請求・入金!$D$6:$D$205,請求・入金!$C$6:$C$205,$A32,請求・入金!$B$6:$B$205,">="&C$5,請求・入金!$B$6:$B$205,"<"&EDATE(C$5,1))) -> 0 | D32: =IF($A32="","",SUMIFS(請求・入金!$D$6:$D$205,請求・入金!$C$6:$C$205,$A32,請求・入金!$B$6:$B$205,">="&D$5,請求・入金!$B$6:$B$205,"<"&EDATE(D$5,1))) -> 0 | E32: =IF($A32="","",SUMIFS(請求・入金!$D$6:$D$205,請求・入金!$C$6:$C$205,$A32,請求・入金!$B$6:$B$205,">="&E$5,請求・入金!$B$6:$B$205,"<"&EDATE(E$5,1))) -> 0 | F32: =IF($A32="","",SUMIFS(請求・入金!$D$6:$D$205,請求・入金!$C$6:$C$205,$A32,請求・入金!$B$6:$B$205,">="&F$5,請求・入金!$B$6:$B$205,"<"&EDATE(F$5,1))) -> 0 | G32: =IF($A32="","",SUMIFS(請求・入金!$D$6:$D$205,請求・入金!$C$6:$C$205,$A32,請求・入金!$B$6:$B$205,">="&G$5,請求・入金!$B$6:$B$205,"<"&EDATE(G$5,1))) -> 55000 | H32: =IF($A32="","",SUMIFS(請求・入金!$D$6:$D$205,請求・入金!$C$6:$C$205,$A32,請求・入金!$B$6:$B$205,">="&H$5,請求・入金!$B$6:$B$205,"<"&EDATE(H$5,1))) -> 0 | I32: =IF($A32="","",SUMIFS(請求・入金!$D$6:$D$205,請求・入金!$C$6:$C$205,$A32,請求・入金!$B$6:$B$205,">="&I$5,請求・入金!$B$6:$B$205,"<"&EDATE(I$5,1))) -> 0 | ... M32: =IF($A32="","",SUMIFS(請求・入金!$D$6:$D$205,請求・入金!$C$6:$C$205,$A32,請求・入金!$B$6:$B$205,">="&M$5,請求・入金!$B$6:$B$205,"<"&EDATE(M$5,1))) -> 0 | N32: =IF($A32="","",SUM(B32:M32)) -> 55000
A33: =IF(設定!D13="","",設定!D13) -> あおぞら設計 | B33: =IF($A33="","",SUMIFS(請求・入金!$D$6:$D$205,請求・入金!$C$6:$C$205,$A33,請求・入金!$B$6:$B$205,">="&B$5,請求・入金!$B$6:$B$205,"<"&EDATE(B$5,1))) -> 0 | C33: =IF($A33="","",SUMIFS(請求・入金!$D$6:$D$205,請求・入金!$C$6:$C$205,$A33,請求・入金!$B$6:$B$205,">="&C$5,請求・入金!$B$6:$B$205,"<"&EDATE(C$5,1))) -> 0 | D33: =IF($A33="","",SUMIFS(請求・入金!$D$6:$D$205,請求・入金!$C$6:$C$205,$A33,請求・入金!$B$6:$B$205,">="&D$5,請求・入金!$B$6:$B$205,"<"&EDATE(D$5,1))) -> 0 | E33: =IF($A33="","",SUMIFS(請求・入金!$D$6:$D$205,請求・入金!$C$6:$C$205,$A33,請求・入金!$B$6:$B$205,">="&E$5,請求・入金!$B$6:$B$205,"<"&EDATE(E$5,1))) -> 0 | F33: =IF($A33="","",SUMIFS(請求・入金!$D$6:$D$205,請求・入金!$C$6:$C$205,$A33,請求・入金!$B$6:$B$205,">="&F$5,請求・入金!$B$6:$B$205,"<"&EDATE(F$5,1))) -> 0 | G33: =IF($A33="","",SUMIFS(請求・入金!$D$6:$D$205,請求・入金!$C$6:$C$205,$A33,請求・入金!$B$6:$B$205,">="&G$5,請求・入金!$B$6:$B$205,"<"&EDATE(G$5,1))) -> 33000 | H33: =IF($A33="","",SUMIFS(請求・入金!$D$6:$D$205,請求・入金!$C$6:$C$205,$A33,請求・入金!$B$6:$B$205,">="&H$5,請求・入金!$B$6:$B$205,"<"&EDATE(H$5,1))) -> 0 | I33: =IF($A33="","",SUMIFS(請求・入金!$D$6:$D$205,請求・入金!$C$6:$C$205,$A33,請求・入金!$B$6:$B$205,">="&I$5,請求・入金!$B$6:$B$205,"<"&EDATE(I$5,1))) -> 0 | ... M33: =IF($A33="","",SUMIFS(請求・入金!$D$6:$D$205,請求・入金!$C$6:$C$205,$A33,請求・入金!$B$6:$B$205,">="&M$5,請求・入金!$B$6:$B$205,"<"&EDATE(M$5,1))) -> 0 | N33: =IF($A33="","",SUM(B33:M33)) -> 33000
A34: =IF(設定!D14="","",設定!D14) | B34: =IF($A34="","",SUMIFS(請求・入金!$D$6:$D$205,請求・入金!$C$6:$C$205,$A34,請求・入金!$B$6:$B$205,">="&B$5,請求・入金!$B$6:$B$205,"<"&EDATE(B$5,1))) | C34: =IF($A34="","",SUMIFS(請求・入金!$D$6:$D$205,請求・入金!$C$6:$C$205,$A34,請求・入金!$B$6:$B$205,">="&C$5,請求・入金!$B$6:$B$205,"<"&EDATE(C$5,1))) | D34: =IF($A34="","",SUMIFS(請求・入金!$D$6:$D$205,請求・入金!$C$6:$C$205,$A34,請求・入金!$B$6:$B$205,">="&D$5,請求・入金!$B$6:$B$205,"<"&EDATE(D$5,1))) | E34: =IF($A34="","",SUMIFS(請求・入金!$D$6:$D$205,請求・入金!$C$6:$C$205,$A34,請求・入金!$B$6:$B$205,">="&E$5,請求・入金!$B$6:$B$205,"<"&EDATE(E$5,1))) | F34: =IF($A34="","",SUMIFS(請求・入金!$D$6:$D$205,請求・入金!$C$6:$C$205,$A34,請求・入金!$B$6:$B$205,">="&F$5,請求・入金!$B$6:$B$205,"<"&EDATE(F$5,1))) | G34: =IF($A34="","",SUMIFS(請求・入金!$D$6:$D$205,請求・入金!$C$6:$C$205,$A34,請求・入金!$B$6:$B$205,">="&G$5,請求・入金!$B$6:$B$205,"<"&EDATE(G$5,1))) | H34: =IF($A34="","",SUMIFS(請求・入金!$D$6:$D$205,請求・入金!$C$6:$C$205,$A34,請求・入金!$B$6:$B$205,">="&H$5,請求・入金!$B$6:$B$205,"<"&EDATE(H$5,1))) | I34: =IF($A34="","",SUMIFS(請求・入金!$D$6:$D$205,請求・入金!$C$6:$C$205,$A34,請求・入金!$B$6:$B$205,">="&I$5,請求・入金!$B$6:$B$205,"<"&EDATE(I$5,1))) | ... M34: =IF($A34="","",SUMIFS(請求・入金!$D$6:$D$205,請求・入金!$C$6:$C$205,$A34,請求・入金!$B$6:$B$205,">="&M$5,請求・入金!$B$6:$B$205,"<"&EDATE(M$5,1))) | N34: =IF($A34="","",SUM(B34:M34))
A35: =IF(設定!D15="","",設定!D15) | B35: =IF($A35="","",SUMIFS(請求・入金!$D$6:$D$205,請求・入金!$C$6:$C$205,$A35,請求・入金!$B$6:$B$205,">="&B$5,請求・入金!$B$6:$B$205,"<"&EDATE(B$5,1))) | C35: =IF($A35="","",SUMIFS(請求・入金!$D$6:$D$205,請求・入金!$C$6:$C$205,$A35,請求・入金!$B$6:$B$205,">="&C$5,請求・入金!$B$6:$B$205,"<"&EDATE(C$5,1))) | D35: =IF($A35="","",SUMIFS(請求・入金!$D$6:$D$205,請求・入金!$C$6:$C$205,$A35,請求・入金!$B$6:$B$205,">="&D$5,請求・入金!$B$6:$B$205,"<"&EDATE(D$5,1))) | E35: =IF($A35="","",SUMIFS(請求・入金!$D$6:$D$205,請求・入金!$C$6:$C$205,$A35,請求・入金!$B$6:$B$205,">="&E$5,請求・入金!$B$6:$B$205,"<"&EDATE(E$5,1))) | F35: =IF($A35="","",SUMIFS(請求・入金!$D$6:$D$205,請求・入金!$C$6:$C$205,$A35,請求・入金!$B$6:$B$205,">="&F$5,請求・入金!$B$6:$B$205,"<"&EDATE(F$5,1))) | G35: =IF($A35="","",SUMIFS(請求・入金!$D$6:$D$205,請求・入金!$C$6:$C$205,$A35,請求・入金!$B$6:$B$205,">="&G$5,請求・入金!$B$6:$B$205,"<"&EDATE(G$5,1))) | H35: =IF($A35="","",SUMIFS(請求・入金!$D$6:$D$205,請求・入金!$C$6:$C$205,$A35,請求・入金!$B$6:$B$205,">="&H$5,請求・入金!$B$6:$B$205,"<"&EDATE(H$5,1))) | I35: =IF($A35="","",SUMIFS(請求・入金!$D$6:$D$205,請求・入金!$C$6:$C$205,$A35,請求・入金!$B$6:$B$205,">="&I$5,請求・入金!$B$6:$B$205,"<"&EDATE(I$5,1))) | ... M35: =IF($A35="","",SUMIFS(請求・入金!$D$6:$D$205,請求・入金!$C$6:$C$205,$A35,請求・入金!$B$6:$B$205,">="&M$5,請求・入金!$B$6:$B$205,"<"&EDATE(M$5,1))) | N35: =IF($A35="","",SUM(B35:M35))
A36: =IF(設定!D16="","",設定!D16) | B36: =IF($A36="","",SUMIFS(請求・入金!$D$6:$D$205,請求・入金!$C$6:$C$205,$A36,請求・入金!$B$6:$B$205,">="&B$5,請求・入金!$B$6:$B$205,"<"&EDATE(B$5,1))) | C36: =IF($A36="","",SUMIFS(請求・入金!$D$6:$D$205,請求・入金!$C$6:$C$205,$A36,請求・入金!$B$6:$B$205,">="&C$5,請求・入金!$B$6:$B$205,"<"&EDATE(C$5,1))) | D36: =IF($A36="","",SUMIFS(請求・入金!$D$6:$D$205,請求・入金!$C$6:$C$205,$A36,請求・入金!$B$6:$B$205,">="&D$5,請求・入金!$B$6:$B$205,"<"&EDATE(D$5,1))) | E36: =IF($A36="","",SUMIFS(請求・入金!$D$6:$D$205,請求・入金!$C$6:$C$205,$A36,請求・入金!$B$6:$B$205,">="&E$5,請求・入金!$B$6:$B$205,"<"&EDATE(E$5,1))) | F36: =IF($A36="","",SUMIFS(請求・入金!$D$6:$D$205,請求・入金!$C$6:$C$205,$A36,請求・入金!$B$6:$B$205,">="&F$5,請求・入金!$B$6:$B$205,"<"&EDATE(F$5,1))) | G36: =IF($A36="","",SUMIFS(請求・入金!$D$6:$D$205,請求・入金!$C$6:$C$205,$A36,請求・入金!$B$6:$B$205,">="&G$5,請求・入金!$B$6:$B$205,"<"&EDATE(G$5,1))) | H36: =IF($A36="","",SUMIFS(請求・入金!$D$6:$D$205,請求・入金!$C$6:$C$205,$A36,請求・入金!$B$6:$B$205,">="&H$5,請求・入金!$B$6:$B$205,"<"&EDATE(H$5,1))) | I36: =IF($A36="","",SUMIFS(請求・入金!$D$6:$D$205,請求・入金!$C$6:$C$205,$A36,請求・入金!$B$6:$B$205,">="&I$5,請求・入金!$B$6:$B$205,"<"&EDATE(I$5,1))) | ... M36: =IF($A36="","",SUMIFS(請求・入金!$D$6:$D$205,請求・入金!$C$6:$C$205,$A36,請求・入金!$B$6:$B$205,">="&M$5,請求・入金!$B$6:$B$205,"<"&EDATE(M$5,1))) | N36: =IF($A36="","",SUM(B36:M36))
A37: =IF(設定!D17="","",設定!D17) | B37: =IF($A37="","",SUMIFS(請求・入金!$D$6:$D$205,請求・入金!$C$6:$C$205,$A37,請求・入金!$B$6:$B$205,">="&B$5,請求・入金!$B$6:$B$205,"<"&EDATE(B$5,1))) | C37: =IF($A37="","",SUMIFS(請求・入金!$D$6:$D$205,請求・入金!$C$6:$C$205,$A37,請求・入金!$B$6:$B$205,">="&C$5,請求・入金!$B$6:$B$205,"<"&EDATE(C$5,1))) | D37: =IF($A37="","",SUMIFS(請求・入金!$D$6:$D$205,請求・入金!$C$6:$C$205,$A37,請求・入金!$B$6:$B$205,">="&D$5,請求・入金!$B$6:$B$205,"<"&EDATE(D$5,1))) | E37: =IF($A37="","",SUMIFS(請求・入金!$D$6:$D$205,請求・入金!$C$6:$C$205,$A37,請求・入金!$B$6:$B$205,">="&E$5,請求・入金!$B$6:$B$205,"<"&EDATE(E$5,1))) | F37: =IF($A37="","",SUMIFS(請求・入金!$D$6:$D$205,請求・入金!$C$6:$C$205,$A37,請求・入金!$B$6:$B$205,">="&F$5,請求・入金!$B$6:$B$205,"<"&EDATE(F$5,1))) | G37: =IF($A37="","",SUMIFS(請求・入金!$D$6:$D$205,請求・入金!$C$6:$C$205,$A37,請求・入金!$B$6:$B$205,">="&G$5,請求・入金!$B$6:$B$205,"<"&EDATE(G$5,1))) | H37: =IF($A37="","",SUMIFS(請求・入金!$D$6:$D$205,請求・入金!$C$6:$C$205,$A37,請求・入金!$B$6:$B$205,">="&H$5,請求・入金!$B$6:$B$205,"<"&EDATE(H$5,1))) | I37: =IF($A37="","",SUMIFS(請求・入金!$D$6:$D$205,請求・入金!$C$6:$C$205,$A37,請求・入金!$B$6:$B$205,">="&I$5,請求・入金!$B$6:$B$205,"<"&EDATE(I$5,1))) | ... M37: =IF($A37="","",SUMIFS(請求・入金!$D$6:$D$205,請求・入金!$C$6:$C$205,$A37,請求・入金!$B$6:$B$205,">="&M$5,請求・入金!$B$6:$B$205,"<"&EDATE(M$5,1))) | N37: =IF($A37="","",SUM(B37:M37))
A38: =IF(設定!D18="","",設定!D18) | B38: =IF($A38="","",SUMIFS(請求・入金!$D$6:$D$205,請求・入金!$C$6:$C$205,$A38,請求・入金!$B$6:$B$205,">="&B$5,請求・入金!$B$6:$B$205,"<"&EDATE(B$5,1))) | C38: =IF($A38="","",SUMIFS(請求・入金!$D$6:$D$205,請求・入金!$C$6:$C$205,$A38,請求・入金!$B$6:$B$205,">="&C$5,請求・入金!$B$6:$B$205,"<"&EDATE(C$5,1))) | D38: =IF($A38="","",SUMIFS(請求・入金!$D$6:$D$205,請求・入金!$C$6:$C$205,$A38,請求・入金!$B$6:$B$205,">="&D$5,請求・入金!$B$6:$B$205,"<"&EDATE(D$5,1))) | E38: =IF($A38="","",SUMIFS(請求・入金!$D$6:$D$205,請求・入金!$C$6:$C$205,$A38,請求・入金!$B$6:$B$205,">="&E$5,請求・入金!$B$6:$B$205,"<"&EDATE(E$5,1))) | F38: =IF($A38="","",SUMIFS(請求・入金!$D$6:$D$205,請求・入金!$C$6:$C$205,$A38,請求・入金!$B$6:$B$205,">="&F$5,請求・入金!$B$6:$B$205,"<"&EDATE(F$5,1))) | G38: =IF($A38="","",SUMIFS(請求・入金!$D$6:$D$205,請求・入金!$C$6:$C$205,$A38,請求・入金!$B$6:$B$205,">="&G$5,請求・入金!$B$6:$B$205,"<"&EDATE(G$5,1))) | H38: =IF($A38="","",SUMIFS(請求・入金!$D$6:$D$205,請求・入金!$C$6:$C$205,$A38,請求・入金!$B$6:$B$205,">="&H$5,請求・入金!$B$6:$B$205,"<"&EDATE(H$5,1))) | I38: =IF($A38="","",SUMIFS(請求・入金!$D$6:$D$205,請求・入金!$C$6:$C$205,$A38,請求・入金!$B$6:$B$205,">="&I$5,請求・入金!$B$6:$B$205,"<"&EDATE(I$5,1))) | ... M38: =IF($A38="","",SUMIFS(請求・入金!$D$6:$D$205,請求・入金!$C$6:$C$205,$A38,請求・入金!$B$6:$B$205,">="&M$5,請求・入金!$B$6:$B$205,"<"&EDATE(M$5,1))) | N38: =IF($A38="","",SUM(B38:M38))
A39: =IF(設定!D19="","",設定!D19) | B39: =IF($A39="","",SUMIFS(請求・入金!$D$6:$D$205,請求・入金!$C$6:$C$205,$A39,請求・入金!$B$6:$B$205,">="&B$5,請求・入金!$B$6:$B$205,"<"&EDATE(B$5,1))) | C39: =IF($A39="","",SUMIFS(請求・入金!$D$6:$D$205,請求・入金!$C$6:$C$205,$A39,請求・入金!$B$6:$B$205,">="&C$5,請求・入金!$B$6:$B$205,"<"&EDATE(C$5,1))) | D39: =IF($A39="","",SUMIFS(請求・入金!$D$6:$D$205,請求・入金!$C$6:$C$205,$A39,請求・入金!$B$6:$B$205,">="&D$5,請求・入金!$B$6:$B$205,"<"&EDATE(D$5,1))) | E39: =IF($A39="","",SUMIFS(請求・入金!$D$6:$D$205,請求・入金!$C$6:$C$205,$A39,請求・入金!$B$6:$B$205,">="&E$5,請求・入金!$B$6:$B$205,"<"&EDATE(E$5,1))) | F39: =IF($A39="","",SUMIFS(請求・入金!$D$6:$D$205,請求・入金!$C$6:$C$205,$A39,請求・入金!$B$6:$B$205,">="&F$5,請求・入金!$B$6:$B$205,"<"&EDATE(F$5,1))) | G39: =IF($A39="","",SUMIFS(請求・入金!$D$6:$D$205,請求・入金!$C$6:$C$205,$A39,請求・入金!$B$6:$B$205,">="&G$5,請求・入金!$B$6:$B$205,"<"&EDATE(G$5,1))) | H39: =IF($A39="","",SUMIFS(請求・入金!$D$6:$D$205,請求・入金!$C$6:$C$205,$A39,請求・入金!$B$6:$B$205,">="&H$5,請求・入金!$B$6:$B$205,"<"&EDATE(H$5,1))) | I39: =IF($A39="","",SUMIFS(請求・入金!$D$6:$D$205,請求・入金!$C$6:$C$205,$A39,請求・入金!$B$6:$B$205,">="&I$5,請求・入金!$B$6:$B$205,"<"&EDATE(I$5,1))) | ... M39: =IF($A39="","",SUMIFS(請求・入金!$D$6:$D$205,請求・入金!$C$6:$C$205,$A39,請求・入金!$B$6:$B$205,">="&M$5,請求・入金!$B$6:$B$205,"<"&EDATE(M$5,1))) | N39: =IF($A39="","",SUM(B39:M39))
A40: =IF(設定!D20="","",設定!D20) | B40: =IF($A40="","",SUMIFS(請求・入金!$D$6:$D$205,請求・入金!$C$6:$C$205,$A40,請求・入金!$B$6:$B$205,">="&B$5,請求・入金!$B$6:$B$205,"<"&EDATE(B$5,1))) | C40: =IF($A40="","",SUMIFS(請求・入金!$D$6:$D$205,請求・入金!$C$6:$C$205,$A40,請求・入金!$B$6:$B$205,">="&C$5,請求・入金!$B$6:$B$205,"<"&EDATE(C$5,1))) | D40: =IF($A40="","",SUMIFS(請求・入金!$D$6:$D$205,請求・入金!$C$6:$C$205,$A40,請求・入金!$B$6:$B$205,">="&D$5,請求・入金!$B$6:$B$205,"<"&EDATE(D$5,1))) | E40: =IF($A40="","",SUMIFS(請求・入金!$D$6:$D$205,請求・入金!$C$6:$C$205,$A40,請求・入金!$B$6:$B$205,">="&E$5,請求・入金!$B$6:$B$205,"<"&EDATE(E$5,1))) | F40: =IF($A40="","",SUMIFS(請求・入金!$D$6:$D$205,請求・入金!$C$6:$C$205,$A40,請求・入金!$B$6:$B$205,">="&F$5,請求・入金!$B$6:$B$205,"<"&EDATE(F$5,1))) | G40: =IF($A40="","",SUMIFS(請求・入金!$D$6:$D$205,請求・入金!$C$6:$C$205,$A40,請求・入金!$B$6:$B$205,">="&G$5,請求・入金!$B$6:$B$205,"<"&EDATE(G$5,1))) | H40: =IF($A40="","",SUMIFS(請求・入金!$D$6:$D$205,請求・入金!$C$6:$C$205,$A40,請求・入金!$B$6:$B$205,">="&H$5,請求・入金!$B$6:$B$205,"<"&EDATE(H$5,1))) | I40: =IF($A40="","",SUMIFS(請求・入金!$D$6:$D$205,請求・入金!$C$6:$C$205,$A40,請求・入金!$B$6:$B$205,">="&I$5,請求・入金!$B$6:$B$205,"<"&EDATE(I$5,1))) | ... M40: =IF($A40="","",SUMIFS(請求・入金!$D$6:$D$205,請求・入金!$C$6:$C$205,$A40,請求・入金!$B$6:$B$205,">="&M$5,請求・入金!$B$6:$B$205,"<"&EDATE(M$5,1))) | N40: =IF($A40="","",SUM(B40:M40))
A41: =IF(設定!D21="","",設定!D21) | B41: =IF($A41="","",SUMIFS(請求・入金!$D$6:$D$205,請求・入金!$C$6:$C$205,$A41,請求・入金!$B$6:$B$205,">="&B$5,請求・入金!$B$6:$B$205,"<"&EDATE(B$5,1))) | C41: =IF($A41="","",SUMIFS(請求・入金!$D$6:$D$205,請求・入金!$C$6:$C$205,$A41,請求・入金!$B$6:$B$205,">="&C$5,請求・入金!$B$6:$B$205,"<"&EDATE(C$5,1))) | D41: =IF($A41="","",SUMIFS(請求・入金!$D$6:$D$205,請求・入金!$C$6:$C$205,$A41,請求・入金!$B$6:$B$205,">="&D$5,請求・入金!$B$6:$B$205,"<"&EDATE(D$5,1))) | E41: =IF($A41="","",SUMIFS(請求・入金!$D$6:$D$205,請求・入金!$C$6:$C$205,$A41,請求・入金!$B$6:$B$205,">="&E$5,請求・入金!$B$6:$B$205,"<"&EDATE(E$5,1))) | F41: =IF($A41="","",SUMIFS(請求・入金!$D$6:$D$205,請求・入金!$C$6:$C$205,$A41,請求・入金!$B$6:$B$205,">="&F$5,請求・入金!$B$6:$B$205,"<"&EDATE(F$5,1))) | G41: =IF($A41="","",SUMIFS(請求・入金!$D$6:$D$205,請求・入金!$C$6:$C$205,$A41,請求・入金!$B$6:$B$205,">="&G$5,請求・入金!$B$6:$B$205,"<"&EDATE(G$5,1))) | H41: =IF($A41="","",SUMIFS(請求・入金!$D$6:$D$205,請求・入金!$C$6:$C$205,$A41,請求・入金!$B$6:$B$205,">="&H$5,請求・入金!$B$6:$B$205,"<"&EDATE(H$5,1))) | I41: =IF($A41="","",SUMIFS(請求・入金!$D$6:$D$205,請求・入金!$C$6:$C$205,$A41,請求・入金!$B$6:$B$205,">="&I$5,請求・入金!$B$6:$B$205,"<"&EDATE(I$5,1))) | ... M41: =IF($A41="","",SUMIFS(請求・入金!$D$6:$D$205,請求・入金!$C$6:$C$205,$A41,請求・入金!$B$6:$B$205,">="&M$5,請求・入金!$B$6:$B$205,"<"&EDATE(M$5,1))) | N41: =IF($A41="","",SUM(B41:M41))
A42: =IF(設定!D22="","",設定!D22) | B42: =IF($A42="","",SUMIFS(請求・入金!$D$6:$D$205,請求・入金!$C$6:$C$205,$A42,請求・入金!$B$6:$B$205,">="&B$5,請求・入金!$B$6:$B$205,"<"&EDATE(B$5,1))) | C42: =IF($A42="","",SUMIFS(請求・入金!$D$6:$D$205,請求・入金!$C$6:$C$205,$A42,請求・入金!$B$6:$B$205,">="&C$5,請求・入金!$B$6:$B$205,"<"&EDATE(C$5,1))) | D42: =IF($A42="","",SUMIFS(請求・入金!$D$6:$D$205,請求・入金!$C$6:$C$205,$A42,請求・入金!$B$6:$B$205,">="&D$5,請求・入金!$B$6:$B$205,"<"&EDATE(D$5,1))) | E42: =IF($A42="","",SUMIFS(請求・入金!$D$6:$D$205,請求・入金!$C$6:$C$205,$A42,請求・入金!$B$6:$B$205,">="&E$5,請求・入金!$B$6:$B$205,"<"&EDATE(E$5,1))) | F42: =IF($A42="","",SUMIFS(請求・入金!$D$6:$D$205,請求・入金!$C$6:$C$205,$A42,請求・入金!$B$6:$B$205,">="&F$5,請求・入金!$B$6:$B$205,"<"&EDATE(F$5,1))) | G42: =IF($A42="","",SUMIFS(請求・入金!$D$6:$D$205,請求・入金!$C$6:$C$205,$A42,請求・入金!$B$6:$B$205,">="&G$5,請求・入金!$B$6:$B$205,"<"&EDATE(G$5,1))) | H42: =IF($A42="","",SUMIFS(請求・入金!$D$6:$D$205,請求・入金!$C$6:$C$205,$A42,請求・入金!$B$6:$B$205,">="&H$5,請求・入金!$B$6:$B$205,"<"&EDATE(H$5,1))) | I42: =IF($A42="","",SUMIFS(請求・入金!$D$6:$D$205,請求・入金!$C$6:$C$205,$A42,請求・入金!$B$6:$B$205,">="&I$5,請求・入金!$B$6:$B$205,"<"&EDATE(I$5,1))) | ... M42: =IF($A42="","",SUMIFS(請求・入金!$D$6:$D$205,請求・入金!$C$6:$C$205,$A42,請求・入金!$B$6:$B$205,">="&M$5,請求・入金!$B$6:$B$205,"<"&EDATE(M$5,1))) | N42: =IF($A42="","",SUM(B42:M42))
... A60: =IF(設定!D40="","",設定!D40) | B60: =IF($A60="","",SUMIFS(請求・入金!$D$6:$D$205,請求・入金!$C$6:$C$205,$A60,請求・入金!$B$6:$B$205,">="&B$5,請求・入金!$B$6:$B$205,"<"&EDATE(B$5,1))) | C60: =IF($A60="","",SUMIFS(請求・入金!$D$6:$D$205,請求・入金!$C$6:$C$205,$A60,請求・入金!$B$6:$B$205,">="&C$5,請求・入金!$B$6:$B$205,"<"&EDATE(C$5,1))) | D60: =IF($A60="","",SUMIFS(請求・入金!$D$6:$D$205,請求・入金!$C$6:$C$205,$A60,請求・入金!$B$6:$B$205,">="&D$5,請求・入金!$B$6:$B$205,"<"&EDATE(D$5,1))) | E60: =IF($A60="","",SUMIFS(請求・入金!$D$6:$D$205,請求・入金!$C$6:$C$205,$A60,請求・入金!$B$6:$B$205,">="&E$5,請求・入金!$B$6:$B$205,"<"&EDATE(E$5,1))) | F60: =IF($A60="","",SUMIFS(請求・入金!$D$6:$D$205,請求・入金!$C$6:$C$205,$A60,請求・入金!$B$6:$B$205,">="&F$5,請求・入金!$B$6:$B$205,"<"&EDATE(F$5,1))) | G60: =IF($A60="","",SUMIFS(請求・入金!$D$6:$D$205,請求・入金!$C$6:$C$205,$A60,請求・入金!$B$6:$B$205,">="&G$5,請求・入金!$B$6:$B$205,"<"&EDATE(G$5,1))) | H60: =IF($A60="","",SUMIFS(請求・入金!$D$6:$D$205,請求・入金!$C$6:$C$205,$A60,請求・入金!$B$6:$B$205,">="&H$5,請求・入金!$B$6:$B$205,"<"&EDATE(H$5,1))) | I60: =IF($A60="","",SUMIFS(請求・入金!$D$6:$D$205,請求・入金!$C$6:$C$205,$A60,請求・入金!$B$6:$B$205,">="&I$5,請求・入金!$B$6:$B$205,"<"&EDATE(I$5,1))) | ... M60: =IF($A60="","",SUMIFS(請求・入金!$D$6:$D$205,請求・入金!$C$6:$C$205,$A60,請求・入金!$B$6:$B$205,">="&M$5,請求・入金!$B$6:$B$205,"<"&EDATE(M$5,1))) | N60: =IF($A60="","",SUM(B60:M60))
A61: 請求額の合計 | B61: =SUM(B31:B60) -> 0 | C61: =SUM(C31:C60) -> 0 | D61: =SUM(D31:D60) -> 0 | E61: =SUM(E31:E60) -> 0 | F61: =SUM(F31:F60) -> 0 | G61: =SUM(G31:G60) -> 198000 | H61: =SUM(H31:H60) -> 0 | I61: =SUM(I31:I60) -> 0 | ... N61: =SUM(N31:N60) -> 198000
A62: 入金額の合計（入金日の月） | B62: =SUMIFS(請求・入金!$G$6:$G$205,請求・入金!$F$6:$F$205,">="&B$5,請求・入金!$F$6:$F$205,"<"&EDATE(B$5,1)) -> 0 | C62: =SUMIFS(請求・入金!$G$6:$G$205,請求・入金!$F$6:$F$205,">="&C$5,請求・入金!$F$6:$F$205,"<"&EDATE(C$5,1)) -> 0 | D62: =SUMIFS(請求・入金!$G$6:$G$205,請求・入金!$F$6:$F$205,">="&D$5,請求・入金!$F$6:$F$205,"<"&EDATE(D$5,1)) -> 0 | E62: =SUMIFS(請求・入金!$G$6:$G$205,請求・入金!$F$6:$F$205,">="&E$5,請求・入金!$F$6:$F$205,"<"&EDATE(E$5,1)) -> 0 | F62: =SUMIFS(請求・入金!$G$6:$G$205,請求・入金!$F$6:$F$205,">="&F$5,請求・入金!$F$6:$F$205,"<"&EDATE(F$5,1)) -> 0 | G62: =SUMIFS(請求・入金!$G$6:$G$205,請求・入金!$F$6:$F$205,">="&G$5,請求・入金!$F$6:$F$205,"<"&EDATE(G$5,1)) -> 0 | H62: =SUMIFS(請求・入金!$G$6:$G$205,請求・入金!$F$6:$F$205,">="&H$5,請求・入金!$F$6:$F$205,"<"&EDATE(H$5,1)) -> 142340 | I62: =SUMIFS(請求・入金!$G$6:$G$205,請求・入金!$F$6:$F$205,">="&I$5,請求・入金!$F$6:$F$205,"<"&EDATE(I$5,1)) -> 0 | ... M62: =SUMIFS(請求・入金!$G$6:$G$205,請求・入金!$F$6:$F$205,">="&M$5,請求・入金!$F$6:$F$205,"<"&EDATE(M$5,1)) -> 0 | N62: =SUM(B62:M62) -> 142340

Sheet 設定
A1: 設定
A2: ここを変えると、ほかのシートのリストやチェックの基準が変わります。
A3: 黄色＝入力するセル 白＝自動で計算（さわらない） ※サンプル行は消してから使ってください
A5: 年度の開始年 | B5: 2026 | C5: 例: 2026年4月始まりなら 2026
A6: 年度の開始月 | B6: 4 | C6: 例: 4月始まりなら 4、1月始まりなら 1
A7: 要確認とする金額（経費） | B7: 30000 | C7: この金額以上の経費申請に「金額要確認」の印がつく
A8: 手数料とみなす差額の上限（入金） | B8: 880 | C8: 請求額より、この金額以内で少ない入金は「手数料差引?」と表示
A10: 勘定科目（20まで） | D10: 取引先（30まで） | E10: 振込名義（カナ） | G10: 申請者（30まで）
A11: 旅費交通費 | D11: サンプル商事 | E11: ｻﾝﾌﾟﾙｼﾖｳｼﾞ(ｶ | G11: 佐藤
A12: 消耗品費 | D12: ひだまり工業 | E12: ﾋﾀﾞﾏﾘｺｳｷﾞﾖｳ(ｶ | G12: 鈴木
A13: 会議費 | D13: あおぞら設計 | E13: ｱｵｿﾞﾗｾｯｹｲ(ﾕ
A14: 接待交際費
A15: 通信費
A16: 新聞図書費
A17: 支払手数料
A18: 福利厚生費
A19: 雑費
